SKU ID,SKU Name,Vendor Name,ABC Class,Demand Variability,CV (%),Avg Daily Demand,StdDev Daily Demand,Total Demand,Cost per SKU,Unit Price,Avg Lead Time,Max Lead Time,Safety Stock,Reorder Point,EOQ,Orders per Year,Days Between Orders,Annual Consumption Value,High Risk
1244AA,Product 016,Apotex Corp,A,Medium,59.15780240701509,679.7408960439896,402.1197761613772,550590.1257956314,42.0,60.0,45,67,4437.0,35025.0,3621.0,152.1,2.0,23124785.28341652,False
1295CA,Product 022,Mylan Group,A,Medium,54.83617535628519,0.17137776138026758,0.09397700975215953,133.67465387660874,122500.0,175000.0,120,158,2.0,23.0,1.0,133.7,3.0,16375145.099884572,False
1281BA,Product 020,Heritage ,A,Medium,60.055965831850465,0.17229450905258065,0.10347313148677234,134.3897170610129,97650.0,139500.0,60,85,1.0,11.0,1.0,134.4,3.0,13123155.87100791,False
1193BA,Product 010,Major Corp,A,High,128.93682033856643,24.829885057471266,32.01486428682428,21602.0,570.5,815.0,90,138,500.0,2735.0,195.0,110.8,3.0,12323941.0,True
3205AA,Product 262,Apotex Corp,A,Medium,63.514970155865136,0.21640864593278608,0.13745188687892093,188.2755219615239,53410.0,76300.0,60,91,2.0,15.0,2.0,94.1,4.0,10055795.627964992,False
1116CA,Product 004,Accord Ltd,A,Medium,91.26544723011793,591.5930555555556,539.9200479350978,425947.0,22.96,32.8,90,140,8425.0,61668.0,4307.0,98.9,4.0,9779743.120000001,False
1126CA,Product 005,AstraZeneca ,A,High,101.96694144940628,478.25287356321843,487.65982756631,416080.0,22.96,32.8,45,62,5381.0,26902.0,4257.0,97.7,4.0,9553196.8,False
2117BA,Product 132,Cixi Group,A,Medium,67.05224548957172,6.441771901270782,4.319352709118336,5604.34155410558,1696.8,2424.0,120,168,78.0,851.0,57.0,98.3,4.0,9509446.749006348,False
1283CA,Product 021,Fullerton Corp,A,Medium,58.960800815031334,0.1355954370618301,0.07994815556029683,126.10375646750201,68833.331,98333.33,60,92,1.0,9.0,1.0,126.1,3.0,8680141.609270956,False
1967BA,Product 107,McKesson Corp,A,High,123.81426872759921,75.97797619047618,94.07157561426753,63821.5,125.055,178.65,120,163,1695.0,10812.0,714.0,89.4,4.0,7981197.6825,True
1083AA,Product 003,Kinray Ltd,A,Medium,81.88475835367677,444.37471264367815,363.87515963312137,386606.0,20.314,29.02,45,68,4015.0,24012.0,4363.0,88.6,4.0,7853514.284,False
1077CA,Product 002,McKesson Corp,A,Medium,75.307977123621,537.8880952380953,405.07264371258555,451826.0,16.08439,22.9777,45,70,4470.0,28675.0,5300.0,85.3,4.0,7267345.59614,False
2418CA,Product 168,Accord Ltd,A,Medium,60.309038838010466,1978.8739298257178,1193.4398468938562,1721620.3189483744,4.06,5.8,60,85,15206.0,133938.0,20592.0,83.6,4.0,6989778.4949304,False
2422BA,Product 169,Kinray Ltd,A,Medium,66.98107680192412,245.62129415182284,164.51978767771243,191584.60943842182,34.93,49.9,30,45,1482.0,8851.0,2342.0,81.8,4.0,6692050.407684074,False
1964BA,Product 106,Cixi Group,A,High,228.19149174426627,102.38777777777777,233.64019747491548,92149.0,69.389383,99.12769,60,96,2977.0,9120.0,1152.0,80.0,5.0,6394162.254067,False
1993AA,Product 113,Mylan Group,A,Medium,78.76045232128264,121.68103448275862,95.8365331478366,105862.5,58.625875,83.75125,60,94,1221.0,8522.0,1344.0,78.8,5.0,6206281.6921875,False
2331CA,Product 158,Macoven Group,A,Medium,88.6468429927956,47.498275862068965,42.10572202773321,41323.5,147.086933,210.12419,60,83,536.0,3386.0,530.0,78.0,5.0,6078146.875825499,False
1224AA,Product 014,Apotex Corp,A,High,123.73912609563979,16.548,20.47635058630647,12411.0,488.6,698.0,90,121,320.0,1809.0,159.0,78.1,5.0,6064014.600000001,True
2565CA,Product 191,Cixi Group,A,Medium,89.81223501351177,20.50922481905317,18.419793193937515,17843.025592576258,324.125081,463.03583,30,40,166.0,781.0,235.0,75.9,5.0,5783372.115478853,False
2573CA,Product 192,Heritage ,A,Medium,82.4487683020772,6.157427395229543,5.076723046461433,4987.51619013593,1133.293,1618.99,60,81,65.0,434.0,66.0,75.6,5.0,5652317.185667718,False
2473CA,Product 174,Apotex Corp,A,Medium,64.72084919930843,1847.3280280752385,1195.6063872671334,1330076.1802141718,4.165,5.95,60,92,15233.0,126073.0,17870.0,74.4,5.0,5539767.290592025,False
1921AA,Product 100,SUPERVALU Group,A,High,165.11318891498013,0.2833333333333334,0.46782070192577707,153.0,35000.0,50000.0,90,142,7.0,32.0,2.0,76.5,5.0,5355000.0,True
3007CA,Product 238,Cixi Group,A,Medium,62.25548209816301,0.4329280403117125,0.2695214386341861,337.68387144313573,13182.631,18832.33,30,47,2.0,15.0,5.0,67.5,5.0,4451561.871886295,False
2317CA,Product 156,Fullerton Corp,A,Medium,92.62735702019008,182.42364516129032,168.9742010927931,169653.99,26.086704,37.26672,60,89,2153.0,13098.0,2550.0,66.5,5.0,4425713.4195489595,False
3178CA,Product 259,Sun Ltd,A,Medium,60.892847924023975,0.26909109026924155,0.16385722837474734,226.0365158261629,18200.0,26000.0,30,47,1.0,9.0,4.0,56.5,6.0,4113864.588036165,False
1876AA,Product 094,"ALK-Abello, Corp",A,Low,48.11179054809367,0.25799408809163654,0.12412557528911246,208.97521135422562,16043.3,22919.0,30,40,1.0,9.0,4.0,52.2,7.0,3352652.008319248,False
1970CA,Product 108,Macoven Group,A,High,107.9064273469005,21.430555555555554,23.1249468605927,19287.5,171.4496,244.928,60,96,295.0,1581.0,335.0,57.6,6.0,3306834.16,False
2564BA,Product 190,Cixi Group,A,High,117.20374200653274,18.154320987654323,21.2775435334082,14705.0,216.4435,309.205,60,96,271.0,1360.0,261.0,56.3,6.0,3182801.6675,False
1990AA,Product 111,Kinray Ltd,A,High,105.20716837824907,10.668589743589743,11.224121175123072,8321.5,382.0915,545.845,60,79,143.0,783.0,148.0,56.2,6.0,3179574.41725,False
3079BA,Product 247,Sun Ltd,A,High,134.6933550265805,36.99777777777778,49.83354817416752,33298.0,94.15,134.5,15,24,317.0,872.0,595.0,56.0,7.0,3135006.7,False
1255CA,Product 017,McKesson Corp,A,Medium,78.50507848420132,0.11041666666666666,0.08668269082630561,53.0,59150.0,84500.0,60,83,1.0,8.0,1.0,53.0,7.0,3134950.0,False
2016CA,Product 117,Cixi Group,A,Medium,95.24038505714364,19.01206896551724,18.107167690088325,16540.5,187.126765,267.32395,60,86,231.0,1372.0,297.0,55.7,7.0,3095170.2564825,False
2501CA,Product 181,Allermed Group,A,High,114.79354188190676,139.11724137931034,159.69760874771194,121032.0,24.585225,35.12175,90,125,2492.0,15013.0,2219.0,54.5,7.0,2975598.9522,True
3016BA,Product 239,Lake Ltd,A,Medium,64.01681644256747,0.2461501536360879,0.1575774920263122,206.76612905431384,14004.06,20005.8,60,79,2.0,17.0,4.0,51.7,7.0,2895565.277244354,False
1992AA,Product 112,Lake Ltd,A,Medium,96.65439674208322,11.192063492063491,10.817621451244902,7051.0,410.47412,586.3916,60,92,138.0,810.0,131.0,53.8,7.0,2894253.02012,False
3098AA,Product 249,Cixi Group,A,Medium,55.922137463951074,1.3281286023220271,0.7427179026885761,1035.9403098111811,2703.624,3862.32,15,22,5.0,25.0,20.0,51.8,7.0,2800793.0841729445,False
1234BA,Product 015,Sun Ltd,A,High,105.65218921316234,12.074242424242424,12.756701452116527,7969.0,348.6,498.0,45,63,141.0,684.0,151.0,52.8,7.0,2777993.4000000004,False
1994AA,Product 114,"ALK-Abello, Corp",A,High,174.6892467123409,16.72254901960784,29.212494913454883,8528.5,315.375669,450.53667,60,91,372.0,1375.0,164.0,52.0,7.0,2689681.3930665003,False
2371CA,Product 165,Cixi Group,A,Medium,78.33843190432765,1353.5206397703635,1060.3268446975262,1096351.7182139945,2.408,3.44,90,136,16546.0,138363.0,21338.0,51.4,7.0,2640014.937459299,False
2528CA,Product 186,"ALK-Abello, Corp",A,Medium,62.3781217069707,217.44791098303173,135.63992256226084,176132.8078962557,14.7,21.0,30,43,1222.0,7745.0,3461.0,50.9,7.0,2589152.2760749585,False
2847BA,Product 217,Macoven Group,A,Medium,75.36704710598687,23.026984126984125,17.354757974072246,14507.0,169.254512,241.79216,90,118,271.0,2343.0,293.0,49.5,7.0,2455375.205584,False
2013AA,Product 116,Macoven Group,A,High,111.80213247452524,27.889655172413793,31.18122922255035,24264.0,100.68814,143.8402,120,189,562.0,3909.0,491.0,49.4,7.0,2443097.0289600003,True
2766AA,Product 211,Heritage ,A,High,118.41360274477752,17.135185185185186,20.290390114767156,9253.0,254.682666,363.83238,90,126,317.0,1859.0,191.0,48.4,8.0,2356578.708498,True
1908AA,Product 099,Macoven Group,A,High,135.1332636916801,0.13908045977011493,0.18794396444475048,121.0,19466.37,27809.1,120,157,3.0,20.0,2.0,60.5,6.0,2355430.77,True
2458CA,Product 172,Mylan Group,A,Medium,83.34461447306866,533.4776287659032,444.62487299501043,480129.8658893129,4.782841,6.83263,45,64,4906.0,28912.0,10019.0,47.9,8.0,2296384.807899907,False
1971AA,Product 109,Accord Ltd,A,High,121.90970312836158,11.897619047619047,14.504352060295782,9994.0,225.36283,321.9469,120,177,261.0,1689.0,211.0,47.4,8.0,2252276.12302,True
1367CA,Product 033,Lake Ltd,A,Medium,78.54914173948407,0.15963235299005402,0.12538984321223107,138.880147101347,15400.0,22000.0,90,121,2.0,16.0,3.0,46.3,8.0,2138754.2653607437,False
1206BA,Product 012,Apotex Corp,A,Medium,79.30188944439477,14.519850707789077,11.514515955782064,12196.674594542825,165.637325,236.62475,45,69,127.0,780.0,271.0,45.0,8.0,2020224.553735533,False
1499CA,Product 056,Allermed Group,A,Medium,80.87409035424449,0.5064102564102564,0.40955468833239195,395.0,4620.0,6600.0,60,86,5.0,35.0,9.0,43.9,8.0,1824900.0,False
2646AA,Product 199,Apotex Corp,A,High,173.32621371944813,5.298148148148147,9.183079582432242,2861.0,635.832498,908.33214,120,157,165.0,801.0,67.0,42.7,9.0,1819116.776778,True
1009AA,Product 001,McKesson Corp,A,High,103.4610318654495,92.90107526881721,96.1164110872162,86398.0,20.134282,28.76326,30,48,866.0,3653.0,2071.0,41.7,9.0,1739561.696236,False
1385CA,Product 038,McKesson Corp,A,High,104.9100627978388,1.5355555555555556,1.610952297629036,1382.0,1247.08325,1781.5475,45,66,18.0,87.0,33.0,41.9,9.0,1723469.0514999998,False
2515BA,Product 184,Allermed Group,A,High,243.54796500297334,37.46527777777778,91.24592161048898,26975.0,63.0,90.0,30,43,822.0,1946.0,654.0,41.2,9.0,1699425.0,False
2021CA,Product 118,Major Corp,A,High,284.0718594107756,10.426923076923078,29.61995426394664,8133.0,206.692269,295.27467,60,86,377.0,1003.0,198.0,41.1,9.0,1681028.223777,False
3502BA,Product 292,Apotex Corp,A,High,109.95981081000214,2.157777777777778,2.372688362144713,1942.0,864.0345,1234.335,40,55,25.0,111.0,47.0,41.3,9.0,1677954.999,False
2714CA,Product 206,Lake Ltd,A,Medium,87.02515500362465,71.0280606060606,61.81227983849269,46878.520000000004,34.858922,49.79846,90,124,965.0,7358.0,1160.0,40.4,9.0,1634134.67215544,False
1161AA,Product 008,Kinray Ltd,B,Medium,79.7349164363707,20.55061728395062,16.38601751851638,16646.0,95.61475,136.5925,90,142,256.0,2106.0,417.0,39.9,9.0,1591603.1285,False
2391CA,Product 166,McKesson Corp,B,Medium,54.53976203292902,3742.3969395455783,2041.094385155777,2919069.612845551,0.531405,0.75915,45,67,22521.0,190929.0,74116.0,39.4,9.0,1551208.1876141902,False
2025AA,Product 119,Lake Ltd,B,High,285.1781356712545,5.3569892473118275,15.276962063593439,4982.0,309.9635,442.805,60,80,195.0,516.0,127.0,39.2,9.0,1544238.1570000001,False
2672BA,Product 203,Apotex Corp,B,High,143.7474781797023,1.2533333333333334,1.801635059852269,188.0,7962.5,11375.0,120,171,32.0,182.0,5.0,37.6,10.0,1496950.0,True
2267CA,Product 151,Fullerton Corp,B,High,105.4904570858199,1.231503139064782,1.2991182904256589,1071.4077309863603,1327.508,1896.44,60,91,17.0,91.0,28.0,38.3,10.0,1422302.3341462412,False
2044CA,Product 122,Allermed Group,B,High,220.94782297027612,3.314814814814815,7.324011168829523,2685.0,518.574,740.82,120,166,132.0,530.0,72.0,37.3,10.0,1392371.19,True
1265CA,Product 018,Allermed Group,B,Medium,70.94812698998767,0.07916666666666666,0.0561672672004069,19.0,72450.0,103500.0,60,79,1.0,6.0,1.0,19.0,19.0,1376550.0,False
2291AA,Product 153,"ALK-Abello, Corp",B,High,139.0645136501701,115.9088888888889,161.1881326106494,104318.0,13.129172,18.75596,120,191,2904.0,16813.0,2819.0,37.0,10.0,1369608.964696,True
2640BA,Product 198,Lake Ltd,B,High,191.12003664229724,10.54871794871795,20.160713608882332,4114.0,311.119669,444.45667,60,84,257.0,890.0,115.0,35.8,10.0,1279946.318266,False
2670CA,Product 202,Sun Ltd,B,High,217.86951781377755,1.6333333333333333,3.5585354576250334,392.0,3185.0,4550.0,60,82,45.0,143.0,11.0,35.6,10.0,1248520.0,False
1266CA,Product 019,Lake Ltd,B,Low,47.14045207910317,0.05,0.023570226039551587,15.0,83230.0,118900.0,60,86,0.0,3.0,1.0,15.0,24.0,1248450.0,False
1163CA,Product 009,Macoven Group,B,High,100.70286192812547,20.626666666666665,20.771643653708015,18564.0,66.264975,94.66425,90,136,324.0,2180.0,529.0,35.1,10.0,1230142.9959000002,True
1130AA,Product 006,Sun Ltd,B,High,126.45860999746938,112.93103448275862,142.81101646265938,98250.0,12.086263,17.26609,90,139,2228.0,12392.0,2851.0,34.5,11.0,1187475.33975,True
1801AA,Product 084,Sun Ltd,B,Medium,58.424053192847815,1.7797259747013041,1.0397880501464192,1334.794481025978,875.0,1250.0,30,46,9.0,62.0,39.0,34.2,11.0,1167945.1708977309,False
2359CA,Product 163,"ALK-Abello, Corp",B,High,181.57108471473293,148.10666666666665,268.9188812015004,22216.0,51.1,73.0,90,121,4196.0,17526.0,659.0,33.7,11.0,1135237.6,True
3193AA,Product 261,Sun Ltd,B,High,192.7237271571569,1.267816091954023,2.4433824259120005,1103.0,997.5,1425.0,15,22,16.0,35.0,33.0,33.4,11.0,1100242.5,False
1214CA,Product 013,Sun Ltd,B,High,134.60765327587745,7.13968253968254,9.610559118014235,4498.0,222.361321,317.65903,30,43,87.0,301.0,142.0,31.7,12.0,1000181.221858,False
1979AA,Product 110,Kinray Ltd,B,High,167.80591957202265,7.361594202898551,12.353190847334623,5079.5,195.0466,278.638,60,94,157.0,599.0,161.0,31.5,12.0,990739.2047000001,False
2326CA,Product 157,SUPERVALU Group,B,High,174.1685511602033,28.42776923076923,49.512233796396835,22173.66,44.49144,63.5592,30,46,446.0,1299.0,706.0,31.4,12.0,986538.0634703999,False
1907AA,Product 098,SUPERVALU Group,B,High,139.71451278881267,0.24938271604938272,0.3484238467079033,202.0,4632.194,6617.42,60,89,4.0,19.0,7.0,28.9,13.0,935703.1880000001,False
3177CA,Product 258,Apotex Corp,B,High,163.40495423636713,22.00344827586207,35.95472458559513,19143.0,48.619494,69.45642,30,42,324.0,984.0,627.0,30.5,12.0,930722.9736420001,False
2662CA,Product 201,Apotex Corp,B,High,139.9256732676915,2.1066666666666665,2.9477675168393676,632.0,1410.805466,2015.43638,60,82,38.0,164.0,21.0,30.1,12.0,891629.0545120001,False
1145BA,Product 007,Mylan Group,B,High,137.0389855886257,17.503571428571426,23.986716727494805,14703.0,59.710462,85.30066,45,60,265.0,1053.0,496.0,29.6,12.0,877922.922786,False
3250CA,Product 265,Lake Ltd,B,Medium,84.42065608520191,40.71666666666666,34.37327713602471,34202.0,24.327394,34.75342,60,94,438.0,2881.0,1186.0,28.8,13.0,832045.529588,False
3239AA,Product 263,McKesson Corp,B,Medium,57.46674147207196,2.2065167093581963,1.2680132529049442,1721.083033299393,481.25,687.5,30,42,11.0,77.0,60.0,28.7,13.0,828271.209775333,False
2988AA,Product 234,Macoven Group,B,High,104.01669360269055,0.18405797101449275,0.1914510157614739,127.0,6482.7,9261.0,30,40,2.0,8.0,4.0,31.8,11.0,823302.9,False
2041CA,Product 121,Lake Ltd,B,High,343.53837255449366,2.1478571428571427,7.378713473366875,1804.2,453.894,648.42,60,82,94.0,223.0,63.0,28.6,13.0,818915.5548,False
3461CA,Product 288,Kinray Ltd,B,High,492.96161274315546,45.46316049382717,224.11592917437952,36825.16,21.0448,30.064,15,23,1428.0,2110.0,1323.0,27.8,13.0,774978.127168,False
3570CA,Product 297,Cixi Group,B,High,156.58526359685104,1.5883333333333334,2.4870959367966505,953.0,812.0,1160.0,15,21,16.0,40.0,34.0,28.0,13.0,773836.0,False
2142CA,Product 134,"ALK-Abello, Corp",B,High,167.5739824712731,0.8155555555555555,1.3666589237101603,367.0,2069.2,2956.0,60,91,17.0,66.0,13.0,28.2,13.0,759396.3999999999,False
1842BA,Product 090,Fullerton Corp,B,Medium,58.475093381896656,0.1962895628220869,0.11478050515913203,158.99454588589037,4583.803,6548.29,30,41,1.0,7.0,6.0,26.5,14.0,728799.676415382,False
3556AA,Product 296,Lake Ltd,B,High,133.93855039370945,1.2133333333333334,1.6251210781103416,910.0,754.201875,1077.43125,30,42,15.0,51.0,35.0,26.0,14.0,686323.7062499999,False
2867AA,Product 218,SUPERVALU Group,B,Medium,69.87419947963146,3.762068965517241,2.628715573526825,3273.0,208.3445,297.635,30,47,24.0,137.0,125.0,26.2,14.0,681911.5485,False
1382CA,Product 037,Cixi Group,B,High,105.09042125008992,1.871604938271605,1.966877513767115,1516.0,429.464875,613.52125,90,123,31.0,199.0,59.0,25.7,14.0,651068.7505,True
1366BA,Product 032,Heritage ,B,Medium,92.8875619959622,0.10185185185185185,0.09460770203292446,55.0,11830.0,16900.0,45,67,1.0,6.0,2.0,27.5,13.0,650650.0,False
2680BA,Product 205,Allermed Group,B,High,337.2534800485942,11.791666666666666,39.7678061890634,4245.0,150.899,215.57,45,68,439.0,970.0,168.0,25.3,14.0,640566.255,False
3407CA,Product 283,Cixi Group,B,High,106.50789335484578,0.9755555555555555,1.0390436707283843,878.0,712.3144,1017.592,15,21,7.0,22.0,35.0,25.1,15.0,625412.0432,False
1586CA,Product 062,Cixi Group,B,High,260.6138034221328,4.814285714285714,12.546693107608391,3033.0,200.5997,286.571,30,40,113.0,257.0,123.0,24.7,15.0,608418.8901000001,False
3404CA,Product 282,Macoven Group,B,Medium,97.51395485028705,2.3222222222222224,2.2644907293011105,2090.0,277.578,396.54,15,24,14.0,49.0,87.0,24.0,15.0,580138.0199999999,False
2060AA,Product 126,Allermed Group,B,High,289.6210782291624,0.9576923076923076,2.773678787656209,747.0,770.805,1101.15,120,175,50.0,165.0,31.0,24.1,15.0,575791.335,True
1317CA,Product 027,Heritage ,B,High,102.06010768321165,0.20617283950617282,0.21042022201353514,167.0,3436.09,4908.7,90,144,3.0,22.0,7.0,23.9,15.0,573827.03,True
2348BA,Product 162,Apotex Corp,B,Low,45.175395145262556,0.04666666666666666,0.021081851067789193,21.0,26908.0,38440.0,60,89,0.0,3.0,1.0,21.0,17.0,565068.0,False
3084CA,Product 248,Major Corp,B,Medium,99.14776793299912,0.3233333333333333,0.3205777829833638,291.0,1938.867,2769.81,30,45,3.0,13.0,12.0,24.2,15.0,564210.297,False
2139BA,Product 133,Heritage ,B,High,173.4865025725036,1.0153846153846153,1.7615552568900366,396.0,1422.995,2032.85,120,176,32.0,154.0,17.0,23.3,16.0,563506.0199999999,True
2513CA,Product 183,"ALK-Abello, Corp",B,Medium,73.53308793813851,0.20493827160493827,0.1506974394781604,166.0,3363.521,4805.03,30,44,1.0,7.0,7.0,23.7,15.0,558344.486,False
2600BA,Product 193,"ALK-Abello, Corp",B,High,257.60591814055454,1.9851851851851852,5.113954523086564,536.0,1027.453,1467.79,60,80,65.0,184.0,23.0,23.3,16.0,550714.808,False
1379CA,Product 036,Macoven Group,B,Medium,85.75430789279307,1.8547619047619046,1.590538234487757,1558.0,343.126875,490.18125,45,72,18.0,101.0,67.0,23.3,16.0,534591.67125,False
2632AA,Product 197,Accord Ltd,B,High,108.00784862378434,10.507692307692308,11.349132401545338,4098.0,130.074,185.82,30,41,102.0,417.0,177.0,23.2,16.0,533043.2520000001,False
1403CA,Product 040,Accord Ltd,B,Medium,78.02988218798221,0.3239055892170425,0.25274314966634787,291.51503029533825,1785.0,2550.0,30,42,2.0,12.0,13.0,22.4,16.0,520354.3290771788,False
2814BA,Product 215,Fullerton Corp,B,High,111.8158941476846,20.743478260869566,23.19450569472188,14313.0,35.346745,50.49535,90,119,362.0,2229.0,636.0,22.5,16.0,505917.96118499996,True
3551CA,Product 295,Major Corp,B,Medium,95.68114218060792,111.20555555555555,106.40274572384602,100085.0,4.947817,7.06831,20,31,783.0,3007.0,4498.0,22.3,16.0,495202.264445,False
2053BA,Product 123,Lake Ltd,B,High,158.12977245899137,0.8041666666666667,1.2716269201910557,579.0,849.008223,1212.86889,60,89,16.0,64.0,26.0,22.3,16.0,491575.761117,False
1445BA,Product 045,"ALK-Abello, Corp",B,Medium,83.23677999156345,0.6506172839506172,0.541552877229061,527.0,904.3055,1291.865,30,44,5.0,25.0,24.0,22.0,17.0,476568.99850000005,False
2606AA,Product 195,Cixi Group,B,Medium,95.29926213653258,0.3793103448275862,0.361479959828227,330.0,1429.066331,2041.52333,60,79,5.0,28.0,15.0,22.0,17.0,471591.88923,False
2484BA,Product 176,Cixi Group,B,High,164.18251850152333,5.1937037037037035,8.527153544247636,2804.6,167.771002,239.67286,60,85,109.0,421.0,129.0,21.7,17.0,470530.5522092,False
2066AA,Product 127,"ALK-Abello, Corp",B,High,305.3244005370614,0.7526315789473683,2.2979678566736728,429.0,1085.665,1550.95,120,187,41.0,131.0,20.0,21.4,17.0,465750.285,True
2096BA,Product 130,Major Corp,B,High,194.85213124405254,0.6590909090909091,1.2842526831994372,435.0,1067.203669,1524.57667,60,84,16.0,56.0,20.0,21.8,17.0,464233.596015,False
2039CA,Product 120,Cixi Group,B,High,340.63456194746624,2.356666666666667,8.027621176561956,1414.0,314.825,449.75,120,164,145.0,428.0,67.0,21.1,17.0,445162.55,True
2994CA,Product 235,Cixi Group,B,Medium,66.44047835045143,0.09074074074074073,0.0602885822068911,49.0,9083.9,12977.0,30,48,1.0,4.0,2.0,24.5,15.0,445111.1,False
1741BA,Product 078,Macoven Group,B,Medium,57.33038612483763,0.5279409505722062,0.302670585474184,427.63216996348706,1015.0,1450.0,30,41,3.0,19.0,21.0,20.4,18.0,434046.65251293936,False
2953BA,Product 227,Accord Ltd,B,High,100.0128733617106,13.721505376344087,13.723271795363326,12761.0,33.536475,47.90925,30,41,124.0,536.0,617.0,20.7,18.0,427958.95747500006,False
1624CA,Product 065,"ALK-Abello, Corp",B,High,100.49635714964411,0.475,0.47735769646080956,399.0,1071.9639,1531.377,30,48,4.0,18.0,19.0,21.0,17.0,427713.59609999997,False
2803BA,Product 214,Heritage ,B,High,122.61458913549725,21.67878787878788,26.58135668713174,14308.0,29.740032,42.48576,45,67,293.0,1269.0,694.0,20.6,18.0,425520.377856,False
2767AA,Product 212,"ALK-Abello, Corp",B,Medium,87.29618621944007,6.982456140350877,6.09541791497143,3980.0,103.505955,147.86565,45,62,67.0,381.0,196.0,20.3,18.0,411953.7009,False
3120BA,Product 250,Cixi Group,B,Medium,88.98864766748854,0.5478260869565217,0.48750302635232845,378.0,1074.416,1534.88,30,42,4.0,20.0,19.0,19.9,18.0,406129.24799999996,False
1479CA,Product 048,Cixi Group,B,Medium,75.52246968285424,1.6032258064516127,1.2107957236251146,1491.0,269.89375,385.5625,60,81,15.0,111.0,74.0,20.1,18.0,402411.58125,False
2840AA,Product 216,SUPERVALU Group,B,Medium,94.19719953627425,104.6920634920635,98.61699194626199,65956.0,6.027294,8.61042,90,127,1539.0,10961.0,3308.0,19.9,18.0,397536.203064,False
1497CA,Product 054,Lake Ltd,B,Medium,82.13801710015508,38.44154022988506,31.575118887585983,33444.14,11.702796,16.71828,40,53,328.0,1866.0,1691.0,19.8,18.0,391389.94781543995,False
3249CA,Product 264,Allermed Group,B,Low,44.722292948733,2.160006922950015,0.9660046237946193,1684.8053999010122,224.0,320.0,60,87,12.0,142.0,87.0,19.4,19.0,377396.40957782674,False
2227AA,Product 144,Apotex Corp,B,High,173.1149602167699,0.956,1.6549790196723202,717.0,526.1445,751.635,60,80,21.0,78.0,37.0,19.4,19.0,377245.6065,False
1995AA,Product 115,Apotex Corp,B,High,118.89308142778529,9.240350877192983,10.986137892634126,5267.0,70.400274,100.57182,120,160,198.0,1307.0,274.0,19.2,19.0,370798.243158,True
3413AA,Product 284,McKesson Corp,B,High,457.232167098212,17.186344827586208,78.58149690014389,14952.12,24.71028,35.3004,30,44,708.0,1224.0,778.0,19.2,19.0,369471.07179360004,False
2673BA,Product 204,McKesson Corp,B,Medium,89.14532601682339,56.30555555555555,50.19377106558361,40540.0,9.1,13.0,60,95,640.0,4018.0,2111.0,19.2,19.0,368914.0,False
2212AA,Product 140,Apotex Corp,C,High,155.26381732655258,0.8068965517241379,1.2528183880832173,702.0,523.1835,747.405,120,180,23.0,120.0,37.0,19.0,19.0,367274.817,True
2173CA,Product 137,Lake Ltd,C,High,178.74897721411713,1.4259259259259258,2.5488280084235218,1155.0,311.458,444.94,60,92,32.0,118.0,61.0,18.9,19.0,359733.99000000005,False
2785BA,Product 213,Lake Ltd,C,Medium,84.92545168340409,22.26818181818182,18.911353990772575,14697.0,24.137708,34.48244,45,63,209.0,1211.0,780.0,18.8,19.0,354751.894476,False
2471CA,Product 173,"ALK-Abello, Corp",C,High,268.0821645191881,435.0,1166.1574156584684,104400.0,3.343886,4.77698,45,65,12867.0,32442.0,5588.0,18.7,20.0,349101.6984,False
2763CA,Product 210,Fullerton Corp,C,Medium,91.27054788952296,77.23492063492064,70.4927352255303,48658.0,7.061117,10.08731,90,136,1100.0,8051.0,2625.0,18.5,20.0,343579.830986,False
1601AA,Product 063,Cixi Group,C,High,101.7035301320621,0.5788888888888889,0.5887504355422706,521.0,642.8821,918.403,30,42,5.0,22.0,28.0,18.6,20.0,334941.5741,False
2200CA,Product 139,Lake Ltd,C,High,250.14770845551593,1.4819444444444445,3.7070500683616046,1067.0,313.6,448.0,60,89,47.0,136.0,58.0,18.4,20.0,334611.2,False
2115CA,Product 131,Cixi Group,C,High,143.2757522279,0.4444444444444444,0.6367811210128889,240.0,1338.589,1912.27,60,88,8.0,35.0,13.0,18.5,20.0,321261.36,False
2236CA,Product 148,Heritage ,C,High,142.18900973402287,0.42063492063492064,0.5980966282462866,265.0,1132.1345,1617.335,120,159,11.0,61.0,15.0,17.7,21.0,300015.64249999996,True
2078CA,Product 128,McKesson Corp,C,High,254.64806737534283,1.5708333333333333,4.00009672502101,377.0,790.468,1129.24,60,93,51.0,145.0,22.0,17.1,21.0,298006.436,False
1956AA,Product 104,"ALK-Abello, Corp",C,High,438.07942391679234,0.9111111111111112,3.991390306797442,738.0,401.163,573.09,60,90,51.0,106.0,43.0,17.2,21.0,296058.294,False
1681CA,Product 071,McKesson Corp,C,Medium,83.03038399636272,4.971260664445004,4.127656819148819,4474.1345980005035,65.1,93.0,30,47,37.0,186.0,262.0,17.1,21.0,291266.16232983273,False
3533CA,Product 294,Cixi Group,C,Medium,94.21476309222004,714.7933333333333,673.4408455989827,643314.0,0.450639,0.64377,40,64,7006.0,35598.0,37783.0,17.0,21.0,289902.377646,False
1695CA,Product 073,Accord Ltd,C,Medium,73.92186661163753,0.2698924731182796,0.19950955397334427,251.0,1154.51,1649.3,15,22,1.0,5.0,15.0,16.7,22.0,289782.01,False
2265BA,Product 150,Mylan Group,C,High,136.61129173304954,0.40499999999999997,0.5532757315188506,243.0,1184.024331,1691.46333,120,184,10.0,59.0,14.0,17.4,21.0,287717.912433,True
1330CA,Product 031,SUPERVALU Group,C,Medium,86.86922050611744,0.09444444444444444,0.08204315270022203,68.0,4200.0,6000.0,60,92,1.0,7.0,4.0,17.0,21.0,285600.0,False
3160BA,Product 256,Accord Ltd,C,High,229.3228354212746,1.8111111111111111,4.153291352629751,1467.0,189.6363,270.909,30,46,37.0,91.0,88.0,16.7,22.0,278196.4521,False
3161BA,Product 257,Lake Ltd,C,High,113.32891117720487,3.663333333333333,4.151615779458272,1099.0,252.0,360.0,30,48,37.0,147.0,66.0,16.7,22.0,276948.0,False
2255CA,Product 149,Fullerton Corp,C,High,143.0454921495375,0.42037037037037034,0.6013208651471298,227.0,1198.7955,1712.565,60,88,8.0,33.0,14.0,16.2,23.0,272126.5785,False
1499AA,Product 055,"ALK-Abello, Corp",C,Medium,89.07157107896165,29.916784444444446,26.647349920973078,26925.106,9.956513,14.22359,20,30,196.0,794.0,1644.0,16.4,22.0,268080.167915378,False
2189CA,Product 138,Accord Ltd,C,High,310.58808315720347,1.5035714285714286,4.6699136788993805,1263.0,209.8635,299.805,60,95,59.0,149.0,78.0,16.2,23.0,265057.6005,False
3619CA,Product 303,Allermed Group,C,Medium,97.99469063167518,542.0956989247312,531.2250030889077,504149.0,0.52185,0.7455,15,22,3384.0,11515.0,31082.0,16.2,23.0,263090.15565000003,False
2429BA,Product 170,Kinray Ltd,C,High,134.00252582260742,180.96410256410257,242.49646826811133,70576.0,3.700816,5.28688,90,122,3784.0,20071.0,4367.0,16.2,23.0,261188.790016,True
3322AA,Product 275,SUPERVALU Group,C,High,135.33729173807745,72.38666666666667,97.96615424613634,13029.6,19.95,28.5,60,90,1248.0,5591.0,808.0,16.1,23.0,259940.52,False
3358BA,Product 278,Heritage ,C,Medium,83.2692588154105,0.2924731182795699,0.24354019782571673,272.0,954.548,1363.64,30,40,2.0,11.0,17.0,16.0,23.0,259637.056,False
2054CA,Product 125,Allermed Group,C,High,278.5747113128515,0.7574074074074074,2.1099454986473383,409.0,632.8,904.0,120,174,38.0,129.0,25.0,16.4,22.0,258815.19999999998,True
1882CA,Product 095,Lake Ltd,C,Low,46.976484792466024,0.04615384615384615,0.0216814545195997,18.0,13965.0,19950.0,60,87,0.0,3.0,1.0,18.0,20.0,251370.0,False
2170BA,Product 136,Cixi Group,C,High,234.13447578511048,1.5076923076923079,3.5300274810678203,1176.0,213.633,305.19,120,171,64.0,245.0,74.0,15.9,23.0,251232.40800000002,True
2277AA,Product 152,Heritage ,C,High,120.39028806407318,68.41728395061729,82.36776523376305,55418.0,4.460204,6.37172,120,158,1484.0,9694.0,3525.0,15.7,23.0,247175.585272,True
2336BA,Product 159,SUPERVALU Group,C,Medium,86.11406471213078,46.930820971855354,40.41403754163777,43645.663503825475,5.544476,7.92068,30,44,364.0,1772.0,2806.0,15.6,23.0,241992.33380103626,False
2229AA,Product 145,McKesson Corp,C,High,113.1688593903248,0.3738095238095238,0.4230359743876427,314.0,737.970331,1054.24333,120,192,8.0,53.0,21.0,15.0,24.0,231722.683934,True
1906CA,Product 097,Fullerton Corp,C,Medium,82.14523646059378,0.22307692307692306,0.18324706595055534,174.0,1325.625,1893.75,30,46,2.0,9.0,11.0,15.8,23.0,230658.75,False
1624AA,Product 064,Heritage ,C,Medium,71.8904360010632,0.5066666666666666,0.36424487573872016,456.0,505.4707,722.101,15,21,2.0,10.0,30.0,15.2,24.0,230494.6392,False
2876CA,Product 219,Heritage ,C,High,152.3971809349155,0.9345679012345679,1.4242551354040869,757.0,299.1975,427.425,30,47,13.0,41.0,50.0,15.1,24.0,226492.5075,False
2953CA,Product 228,Kinray Ltd,C,Medium,86.64554868990416,0.2604938271604938,0.22570630584654044,211.0,1063.874,1519.82,30,42,2.0,10.0,14.0,15.1,24.0,224477.41400000002,False
3138CA,Product 254,Cixi Group,C,High,148.32571456758743,1.124,1.667181031739683,843.0,263.2812,376.116,15,21,11.0,28.0,57.0,14.8,25.0,221946.0516,False
2555CA,Product 189,Major Corp,C,High,149.6746282142226,1.4000000000000001,2.0954447949991164,462.0,477.75,682.5,30,44,19.0,61.0,31.0,14.9,24.0,220720.5,False
2727CA,Product 207,Heritage ,C,High,109.31995740171988,22.70952380952381,24.82604175470486,14307.0,15.322601,21.88943,90,120,387.0,2431.0,966.0,14.8,25.0,219220.452507,True
1464AA,Product 046,Apotex Corp,C,Medium,95.1489842795166,0.4264367816091954,0.40575026629540983,371.0,589.799,842.57,30,42,4.0,17.0,25.0,14.8,25.0,218815.429,False
2729AA,Product 208,Fullerton Corp,C,Medium,87.06523485481947,6.716666666666667,5.8478816077487075,4030.0,53.5626,76.518,90,119,91.0,696.0,274.0,14.7,25.0,215857.27800000002,False
2752AA,Product 209,Mylan Group,C,Medium,79.15224178901539,6.384126984126984,5.053179626593967,4022.0,53.5514,76.502,45,61,56.0,343.0,274.0,14.7,25.0,215383.7308,False
2315BA,Product 155,Heritage ,C,High,189.26700856996882,23.379761904761903,44.250175967924015,19639.0,10.44554,14.9222,120,182,797.0,3603.0,1371.0,14.3,26.0,205139.96005999998,True
3616CA,Product 302,Allermed Group,C,High,164.54508868930128,1.3854166666666667,2.2796350828830283,665.0,303.17,433.1,120,167,41.0,207.0,47.0,14.1,26.0,201608.05000000002,True
2054AA,Product 124,"ALK-Abello, Corp",C,High,163.6235871369979,0.7470588235294118,1.2223644450822786,381.0,526.281,751.83,120,191,22.0,112.0,27.0,14.1,26.0,200513.061,True
2483BA,Product 175,Macoven Group,C,High,148.7281951006553,712.0142857142857,1058.9659960016802,149523.0,1.3125,1.875,30,45,9540.0,30900.0,10673.0,14.0,26.0,196248.9375,False
2621AA,Product 196,Lake Ltd,C,High,213.70162512584145,5.345238095238095,11.422860676369382,4490.0,43.248331,61.78333,60,80,146.0,467.0,322.0,13.9,26.0,194185.00619000001,False
3003AA,Product 236,Major Corp,C,Medium,72.56590127404736,0.07,0.05079613089183316,21.0,9227.4,13182.0,30,44,0.0,2.0,2.0,10.5,35.0,193775.4,False
3038BA,Product 242,"ALK-Abello, Corp",C,Medium,62.04571939031304,0.23103965105018462,0.14335021357095598,201.0044964136606,910.0,1300.0,15,22,1.0,4.0,15.0,13.4,27.0,182914.09173643115,False
1764AA,Product 080,Lake Ltd,C,Medium,55.92085187798068,0.9572751680351026,0.5353164287816004,775.3928861084331,227.5,325.0,15,23,3.0,17.0,58.0,13.4,27.0,176401.88158966854,False
1956CA,Product 105,Macoven Group,C,Medium,74.13262539106917,0.2576923076923077,0.19103407312313977,201.0,875.0,1250.0,60,92,2.0,17.0,15.0,13.4,27.0,175875.0,False
2212CA,Product 141,Sun Ltd,C,Medium,89.41447477644233,0.35733333333333334,0.31950772320115395,268.0,619.052,884.36,60,87,4.0,25.0,21.0,12.8,29.0,165905.93600000002,False
1798AA,Product 083,Apotex Corp,C,Medium,68.96665732885972,0.7115697162403994,0.4907458478554558,597.7185616419356,262.5,375.0,15,22,3.0,14.0,48.0,12.5,29.0,156901.1224310081,False
2223AA,Product 143,Sun Ltd,C,High,241.12902180051842,0.5041666666666667,1.2156921515776138,242.0,643.09,918.7,60,93,15.0,45.0,19.0,12.7,29.0,155627.78,False
3365CA,Product 279,Lake Ltd,C,High,206.86670235998088,17.61777777777778,36.44531591799841,15856.0,9.32736,13.3248,30,45,328.0,857.0,1304.0,12.2,30.0,147894.62016000002,False
1571AA,Product 059,McKesson Corp,C,Medium,65.83182420622768,0.7834459919736074,0.5157567881868019,658.0946332578302,224.0,320.0,60,93,7.0,54.0,54.0,12.2,30.0,147413.19784975395,False
2234AA,Product 147,Lake Ltd,C,High,241.22508335506848,0.5523809523809524,1.3324814128184737,232.0,632.1,903.0,60,83,17.0,50.0,19.0,12.2,30.0,146647.2,False
2342CA,Product 161,Lake Ltd,C,High,404.49785078526617,90.33733333333333,365.41257179005515,67753.0,1.943795,2.77685,60,86,4656.0,10076.0,5904.0,11.5,32.0,131697.94263499998,False
3590BA,Product 300,Lake Ltd,C,High,119.82684102950078,1.6978494623655913,2.0344793761890507,1579.0,80.5595,115.085,120,160,37.0,241.0,140.0,11.3,32.0,127203.4505,True
2293AA,Product 154,Lake Ltd,C,High,177.12684169404426,19.345833333333335,34.266663582726984,13929.0,8.911679,12.73097,60,79,437.0,1598.0,1250.0,11.1,33.0,124130.776791,False
3053AA,Product 244,Allermed Group,C,High,102.73905257541927,4.521505376344086,4.64535178580256,4205.0,28.610036,40.87148,15,23,30.0,98.0,383.0,11.0,33.0,120305.20138,False
2661CA,Product 200,Sun Ltd,C,High,222.08057506992543,3.1433333333333335,6.980732743031322,943.0,127.4,182.0,120,157,126.0,503.0,86.0,11.0,33.0,120138.20000000001,True
3025CA,Product 240,Allermed Group,C,Medium,75.68575154196743,0.19871794871794873,0.15040117293596095,155.0,764.75,1092.5,30,45,1.0,7.0,14.0,11.1,33.0,118536.25,False
2220BA,Product 142,Apotex Corp,C,High,225.99767971308356,0.4372549019607843,0.9881859328630908,223.0,526.4,752.0,120,183,18.0,70.0,21.0,10.6,34.0,117387.2,True
2229CA,Product 146,Allermed Group,C,High,216.19819744738487,0.4625,0.9999166631941551,222.0,525.7,751.0,60,80,13.0,41.0,21.0,10.6,34.0,116705.40000000001,False
1630BA,Product 066,Allermed Group,C,High,101.8795672352506,0.42758620689655175,0.4356229771438302,372.0,309.9621,442.803,60,91,6.0,32.0,35.0,10.6,34.0,115305.90120000001,False
2396CA,Product 167,Macoven Group,C,High,155.71876458960102,255.33809523809526,397.60932743138085,214484.0,0.53522,0.7646,30,46,3582.0,11242.0,20018.0,10.7,34.0,114796.12648,False
1582CA,Product 060,Sun Ltd,C,Medium,81.42428141727856,0.31730495675460174,0.258363280938841,295.09360978177966,385.0,550.0,45,63,3.0,17.0,28.0,10.5,35.0,113611.03976598517,False
1650AA,Product 067,Cixi Group,C,High,136.9050233178172,1.5,2.053575349767258,540.0,199.409,284.87,60,93,26.0,116.0,52.0,10.4,35.0,107680.86,False
3495CA,Product 291,"ALK-Abello, Corp",C,High,136.57276311151435,4.897435897435897,6.688563526743395,3820.0,27.8845,39.835,15,22,43.0,116.0,370.0,10.3,35.0,106518.79,False
1953AA,Product 103,Apotex Corp,C,High,213.46339381405653,0.19487179487179487,0.4159799469196999,152.0,663.292,947.56,30,40,4.0,10.0,15.0,10.1,36.0,100820.384,False
1486CA,Product 050,Lake Ltd,C,Medium,82.85511213900573,0.8916666666666667,0.7387914165728011,749.0,133.504,190.72,60,81,9.0,62.0,75.0,10.0,36.0,99994.496,False
1945AA,Product 101,Heritage ,C,High,204.76976523850286,0.2072463768115942,0.4243779192624045,143.0,675.5,965.0,15,23,3.0,6.0,15.0,9.5,38.0,96596.5,False
2604CA,Product 194,Allermed Group,C,High,249.90677105094838,3.9222222222222225,9.801898908998309,1059.0,90.328,129.04,30,42,88.0,206.0,108.0,9.8,37.0,95657.352,False
2498BA,Product 179,Cixi Group,C,Medium,89.43607180191844,0.1380952380952381,0.12350695629788737,87.0,1032.192,1474.56,60,96,2.0,10.0,9.0,9.7,38.0,89800.704,False
2337CA,Product 160,Heritage ,C,High,285.4478570093733,89.5432098765432,255.59917368999808,72530.0,1.208942,1.72706,60,83,3257.0,8630.0,7746.0,9.4,39.0,87684.56326,False
3399AA,Product 281,"ALK-Abello, Corp",C,Medium,90.29928206323471,0.7602564102564102,0.6865060803012587,593.0,136.3271,194.753,40,59,7.0,37.0,66.0,9.0,41.0,80841.9703,False
1488BA,Product 051,Cixi Group,C,High,,54.733333333333334,,1642.0,49.0,70.0,30,47,,,183.0,9.0,41.0,80458.0,False
1584BA,Product 061,Major Corp,C,Medium,89.27945580888014,0.2761698394227104,0.24656292974485397,256.8379506631207,297.5,425.0,45,65,3.0,15.0,29.0,8.9,41.0,76409.29032227841,False
2970CA,Product 230,Lake Ltd,C,Medium,73.12264090086974,0.2279569892473118,0.16668817065574607,212.0,358.5435,512.205,60,96,2.0,16.0,24.0,8.8,41.0,76011.222,False
2923CA,Product 222,"ALK-Abello, Corp",C,Medium,93.35191145800201,5.9,5.507762776022118,5310.0,14.131999,20.18857,15,22,35.0,124.0,613.0,8.7,42.0,75040.91469,False
1745BA,Product 079,Major Corp,C,Medium,62.45085626149598,0.6017851336117546,0.37581996879492835,523.5530662422265,122.5,175.0,15,20,2.0,11.0,65.0,8.1,45.0,64135.25061467274,False
3610AA,Product 301,"ALK-Abello, Corp",C,High,107.85426305543004,1.0777777777777777,1.1624292795974127,582.0,109.312,156.16,120,188,21.0,150.0,73.0,8.0,46.0,63619.583999999995,True
3143CA,Product 255,Lake Ltd,C,High,243.8930593437254,2.251851851851852,5.492110373369817,1824.0,33.4348,47.764,30,41,49.0,117.0,234.0,7.8,47.0,60985.07520000001,False
3075BA,Product 246,McKesson Corp,C,Medium,63.216332655317146,2.882910041835184,1.8224700022000726,2681.1063389067212,21.7,31.0,30,43,16.0,102.0,352.0,7.6,48.0,58180.00755427585,False
3462AA,Product 289,Lake Ltd,C,High,154.14125263611948,23.435714285714287,36.124103564222,19686.0,2.87,4.1,30,46,325.0,1028.0,2619.0,7.5,49.0,56498.82,False
1872CA,Product 093,Heritage ,C,Medium,69.2820323027551,0.05555555555555556,0.03849001794597506,5.0,11200.0,16000.0,60,89,0.0,3.0,1.0,5.0,73.0,56000.0,False
3027CA,Product 241,Lake Ltd,C,Medium,51.248823216736064,0.08750000000000001,0.044842720314644056,63.0,802.081,1145.83,30,46,0.0,3.0,9.0,7.0,52.0,50531.103,False
2508BA,Product 182,Lake Ltd,C,High,119.13039053058989,0.19871794871794873,0.23673346836206968,155.0,324.17,463.1,60,89,3.0,15.0,22.0,7.0,52.0,50246.350000000006,False
3125AA,Product 251,Heritage ,C,High,195.3414330421556,0.8,1.5627314643372447,600.0,83.3952,119.136,30,43,14.0,38.0,85.0,7.1,51.0,50037.12,False
3448CA,Product 287,Kinray Ltd,C,High,142.2164621965791,11.236551724137932,15.980226334957681,9775.8,4.56785,6.5255,30,40,144.0,481.0,1463.0,6.7,54.0,44654.388029999995,False
3576BA,Product 298,Lake Ltd,C,High,102.16705605758894,1.5466666666666666,1.5801838003573754,1392.0,31.353,44.79,60,96,20.0,113.0,211.0,6.6,55.0,43643.376000000004,False
3345AA,Product 277,SUPERVALU Group,C,High,114.19242074581865,2.386904761904762,2.7256643285162667,2005.0,21.745269,31.06467,40,61,28.0,123.0,304.0,6.6,55.0,43599.264345,False
2935BA,Product 225,McKesson Corp,C,High,118.29815318635082,2.8504444444444443,3.372023135380715,2565.4,16.4465,23.495,15,20,21.0,64.0,395.0,6.5,56.0,42191.8511,False
2524AA,Product 185,Allermed Group,C,High,168.06037538787123,44.88888888888889,75.4404351741111,4040.0,9.8,14.0,30,41,680.0,2027.0,642.0,6.3,58.0,39592.0,False
3044AA,Product 243,Allermed Group,C,High,191.69025106815067,0.18095238095238095,0.3468680733614155,38.0,1015.0,1450.0,15,21,2.0,5.0,6.0,6.3,58.0,38570.0,False
3264CA,Product 266,Heritage ,C,Low,49.98815663976595,2.30003785069125,1.149746523577448,1794.0295235391748,21.0,30.0,30,47,10.0,79.0,292.0,6.1,60.0,37674.61999432267,False
3180BA,Product 260,Apotex Corp,C,Medium,52.6882763931956,2.331534922839618,1.2284455643496177,1748.6511921297138,21.0,30.0,30,46,11.0,81.0,289.0,6.1,60.0,36721.67503472399,False
3512AA,Product 293,Macoven Group,C,Medium,98.68985374860509,539.4402298850574,532.3727739347022,469313.0,0.072065,0.10295,20,31,3916.0,14705.0,80699.0,5.8,63.0,33821.041345000005,False
3494AA,Product 290,Mylan Group,C,High,103.29956754159998,15.160493827160494,15.660724560627752,12280.0,2.45,3.5,30,42,141.0,596.0,2239.0,5.5,66.0,30086.000000000004,False
2956AA,Product 229,Kinray Ltd,C,High,127.88091580422373,3.788095238095238,4.84425088201238,3182.0,8.415813,12.02259,30,47,44.0,158.0,615.0,5.2,70.0,26779.116966,False
3075AA,Product 245,"ALK-Abello, Corp",C,High,270.40432037789253,0.6655555555555556,1.7996909767373068,599.0,42.266,60.38,30,47,16.0,36.0,119.0,5.0,73.0,25317.334,False
3378CA,Product 280,Apotex Corp,C,High,113.13852817437822,40.17543859649123,45.45389991567126,22900.0,1.05,1.5,15,22,290.0,893.0,4670.0,4.9,74.0,24045.0,False
2977BA,Product 231,Mylan Group,C,High,246.01466618367556,1.1537037037037037,2.838280315415368,623.0,36.96,52.8,60,89,36.0,105.0,130.0,4.8,76.0,23026.08,False
1688CA,Product 072,Kinray Ltd,C,Medium,60.258149619349155,1.290740224601056,0.7777761757372277,968.0551684507919,21.0,30.0,60,79,10.0,87.0,215.0,4.5,81.0,20329.158537466632,False
1826AA,Product 087,Allermed Group,C,Medium,54.20286817948969,1.238935954464556,0.6715388222267257,966.3700444823537,21.0,30.0,60,82,9.0,83.0,215.0,4.5,81.0,20293.77093412943,False
1441AA,Product 044,Mylan Group,C,High,154.84082245913305,0.28148148148148144,0.43584824099607816,152.0,133.0,190.0,45,70,5.0,18.0,34.0,4.5,81.0,20216.0,False
1811CA,Product 085,Apotex Corp,C,Medium,60.15235221230917,1.2046915584919697,0.7246503093360461,939.6594156237364,21.0,30.0,30,42,7.0,43.0,212.0,4.4,83.0,19732.847728098466,False
1374CA,Product 035,"ALK-Abello, Corp",C,Medium,62.144649842086395,1.2915837226355098,0.8026501818492219,929.940280297567,21.0,30.0,45,70,9.0,67.0,210.0,4.4,83.0,19528.745886248907,False
1766CA,Product 081,Apotex Corp,C,Medium,68.17740923296284,1.237119728614761,0.843436180079405,927.8397964610707,21.0,30.0,15,24,5.0,24.0,210.0,4.4,83.0,19484.635725682485,False
1420CA,Product 041,Kinray Ltd,C,Medium,69.2616234938443,1.212533289113062,0.8398202414430157,909.3999668347966,21.0,30.0,30,46,8.0,44.0,208.0,4.4,83.0,19097.39930353073,False
1488CA,Product 052,Lake Ltd,C,Medium,56.76288107674963,1.260449966232234,0.7154677153643337,907.5239756872086,21.0,30.0,15,22,5.0,24.0,208.0,4.4,83.0,19058.00348943138,False
1296CA,Product 023,Fullerton Corp,C,Low,46.514517394696156,1.2033516078546718,0.5597331929549172,902.5137058910038,21.0,30.0,60,93,7.0,79.0,207.0,4.4,83.0,18952.78782371108,False
1434BA,Product 042,Kinray Ltd,C,Medium,69.59463538806344,1.1969941848063415,0.8330437385322956,897.7456386047561,21.0,30.0,30,48,8.0,44.0,207.0,4.3,85.0,18852.658410699878,False
1712AA,Product 076,Mylan Group,C,Medium,54.61172574477423,1.2436372552218016,0.6791717670815682,895.4188237596971,21.0,30.0,15,21,4.0,23.0,206.0,4.3,85.0,18803.79529895364,False
1317BA,Product 026,Lake Ltd,C,Medium,61.32242160913668,1.1889958402698213,0.7291210420853571,891.7468802023659,21.0,30.0,90,120,11.0,118.0,206.0,4.3,85.0,18726.684484249683,False
1857AA,Product 092,Fullerton Corp,C,Low,40.56394841554285,1.2880222694292176,0.5224726889519722,888.7353659061602,21.0,30.0,60,89,7.0,84.0,206.0,4.3,85.0,18663.442684029364,False
1678CA,Product 070,McKesson Corp,C,Medium,51.29572540900828,1.2860734630187334,0.659700712148213,887.3906894829261,21.0,30.0,60,87,8.0,85.0,206.0,4.3,85.0,18635.20447914145,False
1325AA,Product 029,SUPERVALU Group,C,Medium,56.087522291337166,1.2837038222792387,0.7199976674756152,885.7556373726748,21.0,30.0,45,69,8.0,66.0,205.0,4.3,85.0,18600.86838482617,False
1698CA,Product 074,AstraZeneca ,C,Medium,55.91674704525049,1.1757558047707581,0.657444399223514,881.8168535780685,21.0,30.0,15,24,4.0,22.0,205.0,4.3,85.0,18518.15392513944,False
2539AA,Product 187,McKesson Corp,C,Medium,64.24651999515693,1.2224446562472178,0.7853781505055961,880.1601524979968,21.0,30.0,30,45,7.0,44.0,205.0,4.3,85.0,18483.363202457935,False
1672AA,Product 069,Accord Ltd,C,Medium,58.42350525270752,1.1272390792192337,0.6585725826582208,879.2464817910022,21.0,30.0,15,24,4.0,21.0,205.0,4.3,85.0,18464.176117611045,False
1827AA,Product 088,Lake Ltd,C,Medium,54.5773047440713,1.217501308642918,0.6644793994811015,876.6009422229009,21.0,30.0,30,48,6.0,43.0,204.0,4.3,85.0,18408.61978668092,False
2548CA,Product 188,Sun Ltd,C,Medium,62.09374283993701,1.1204406021302293,0.6957235061609863,873.943669661579,21.0,30.0,30,41,6.0,40.0,204.0,4.3,85.0,18352.81706289316,False
1851CA,Product 091,Mylan Group,C,Medium,65.93237492544378,1.1197763854185039,0.7382951647607103,873.425580626433,21.0,30.0,60,81,9.0,76.0,204.0,4.3,85.0,18341.937193155092,False
1947CA,Product 102,Lake Ltd,C,Medium,67.48693133852991,1.2024207009850918,0.8114768328740789,865.7429047092661,21.0,30.0,30,47,7.0,43.0,203.0,4.3,85.0,18180.600998894588,False
1315BA,Product 025,"ALK-Abello, Corp",C,Low,48.68257508376792,1.2004178215809664,0.5843943073100852,864.3008315382958,21.0,30.0,90,131,9.0,117.0,203.0,4.3,85.0,18150.317462304214,False
3126BA,Product 252,"ALK-Abello, Corp",C,Medium,50.304514383528264,1.1489443404381812,0.5779708709944588,861.7082553286359,21.0,30.0,60,82,7.0,76.0,203.0,4.2,87.0,18095.873361901355,False
2449CA,Product 171,Lake Ltd,C,Medium,59.18510392751091,1.1435390443997329,0.6768047718796469,857.6542832997995,21.0,30.0,45,68,7.0,58.0,202.0,4.2,87.0,18010.739949295792,False
2930CA,Product 224,Cixi Group,C,High,141.0855823330359,1.4266666666666665,2.0128209746179784,1284.0,14.005831,20.00833,15,24,13.0,34.0,303.0,4.2,87.0,17983.487004000002,False
1830AA,Product 089,Heritage ,C,Low,48.81244024944554,1.0953412008716563,0.5346627692030365,854.366136679892,21.0,30.0,30,44,5.0,38.0,202.0,4.2,87.0,17941.688870277732,False
2938CA,Product 226,Macoven Group,C,High,170.72500171214267,1.0050574712643678,1.7158843850241097,874.4,20.4442,29.206,15,24,11.0,26.0,207.0,4.2,87.0,17876.40848,False
1390BA,Product 039,Macoven Group,C,Medium,65.85104234698993,1.090601841093128,0.7181726802152875,850.6694360526398,21.0,30.0,30,47,6.0,39.0,201.0,4.2,87.0,17864.058157105435,False
1326AA,Product 030,Macoven Group,C,Low,48.1386613165005,1.1771794667678714,0.5666784365947722,847.5692160728674,21.0,30.0,90,126,9.0,115.0,201.0,4.2,87.0,17798.953537530215,False
1902BA,Product 096,Heritage ,C,Medium,56.486429744355505,1.0844364605074295,0.6125594393867047,845.860439195795,21.0,30.0,60,79,8.0,73.0,201.0,4.2,87.0,17763.069223111695,False
1468AA,Product 047,Macoven Group,C,Medium,62.56181442517595,1.127652841380312,0.7054800779845746,845.739631035234,21.0,30.0,60,94,9.0,77.0,201.0,4.2,87.0,17760.532251739914,False
2096AA,Product 129,Sun Ltd,C,Medium,55.54449984546957,1.1234184677937937,0.6239971691077004,842.5638508453453,21.0,30.0,120,163,11.0,146.0,200.0,4.2,87.0,17693.840867752253,False
1373BA,Product 034,Apotex Corp,C,Medium,58.82443353138259,1.121991440317685,0.6600051090374788,841.4935802382637,21.0,30.0,45,59,7.0,57.0,200.0,4.2,87.0,17671.36518500354,False
2365AA,Product 164,Macoven Group,C,Medium,52.642486247960676,1.118822722759133,0.5889760979675357,839.1170420693496,21.0,30.0,60,83,8.0,75.0,200.0,4.2,87.0,17621.457883456344,False
3006CA,Product 237,Lake Ltd,C,Medium,53.676898361295535,1.0754663423958173,0.5772769755177455,838.8637470687376,21.0,30.0,60,79,7.0,72.0,200.0,4.2,87.0,17616.138688443487,False
1308BA,Product 024,Heritage ,C,Low,40.23131155560205,1.0967225166552332,0.44122585257600644,822.541887491425,21.0,30.0,45,63,5.0,54.0,198.0,4.2,87.0,17273.379637319926,False
1767CA,Product 082,Sun Ltd,C,Medium,62.0948518963514,1.0739335941815376,0.6668574747721893,805.4501956361532,21.0,30.0,15,21,4.0,20.0,196.0,4.1,89.0,16914.45410835922,False
2143AA,Product 135,Allermed Group,C,Medium,55.66265112527894,1.0290429964480552,0.5727926130419975,802.653537229483,21.0,30.0,120,192,10.0,133.0,196.0,4.1,89.0,16855.724281819144,False
1819AA,Product 086,McKesson Corp,C,Medium,57.08046669136372,1.02455084731843,0.5848184051396812,799.1496609083755,21.0,30.0,30,40,5.0,36.0,195.0,4.1,89.0,16782.142879075884,False
1321BA,Product 028,Fullerton Corp,C,Medium,59.02743454229109,1.0231169160397575,0.6039196679064752,798.0311945110109,21.0,30.0,90,137,9.0,101.0,195.0,4.1,89.0,16758.65508473123,False
1196AA,Product 011,Lake Ltd,C,Medium,59.249032087590535,1.049578920741357,0.6218653515346331,787.1841905560178,21.0,30.0,90,128,10.0,104.0,194.0,4.1,89.0,16530.868001676376,False
1436BA,Product 043,Lake Ltd,C,High,146.63543682035657,0.5866666666666667,0.860261229346092,176.0,87.5,125.0,30,41,8.0,26.0,45.0,3.9,94.0,15400.0,False
1514BA,Product 058,"ALK-Abello, Corp",C,High,147.34110665188354,0.15,0.2210116599778253,63.0,232.96,332.8,45,68,2.0,9.0,16.0,3.9,94.0,14676.480000000001,False
3132BA,Product 253,Allermed Group,C,High,290.3180074582792,0.14492753623188406,0.4207507354467815,100.0,133.0,190.0,15,24,3.0,5.0,27.0,3.7,99.0,13300.0,False
1511CA,Product 057,Allermed Group,C,Medium,93.06180956812652,3.094252873563218,2.879567716751685,2692.0,4.7509,6.787,30,41,26.0,119.0,753.0,3.6,101.0,12789.422799999998,False
3579CA,Product 299,Allermed Group,C,High,137.91150544219772,0.9523809523809524,1.3134429089733117,200.0,60.655,86.65,120,187,24.0,138.0,57.0,3.5,104.0,12131.0,True
2498CA,Product 180,Lake Ltd,C,High,114.89855630398817,0.16,0.18383769008638107,120.0,82.019,117.17,30,45,2.0,7.0,38.0,3.2,114.0,9842.28,False
2925CA,Product 223,Macoven Group,C,Medium,93.59805568094359,1.0375,0.9710798276897897,249.0,33.6,48.0,30,43,9.0,40.0,86.0,2.9,126.0,8366.4,False
3423CA,Product 286,Accord Ltd,C,Medium,92.39675508292608,0.4022988505747127,0.37171108366694405,350.0,20.6885,29.555,15,21,2.0,8.0,130.0,2.7,135.0,7240.975,False
2487BA,Product 177,Major Corp,C,High,238.0014996252038,1.6285714285714286,3.876024422467604,684.0,10.08,14.4,30,44,35.0,84.0,260.0,2.6,140.0,6894.72,False
3271CA,Product 267,Fullerton Corp,C,Medium,66.14327497491568,0.3261184708143754,0.2157054368947425,283.7230696085066,24.15,34.5,30,40,2.0,12.0,108.0,2.6,140.0,6851.912131045434,False
3420AA,Product 285,Macoven Group,C,Medium,88.53708158062821,0.41666666666666663,0.3689045065859508,350.0,12.0785,17.255,15,20,2.0,8.0,170.0,2.1,174.0,4227.475,False
1708AA,Product 075,Sun Ltd,C,Medium,60.05288674451218,0.1875,0.11259916264596034,45.0,84.0,120.0,15,23,1.0,4.0,23.0,2.0,182.0,3780.0,False
1716AA,Product 077,Kinray Ltd,C,Medium,66.57426652986061,0.12666666666666665,0.08432740427115676,38.0,98.0,140.0,15,21,1.0,3.0,20.0,1.9,192.0,3724.0,False
2488CA,Product 178,Lake Ltd,C,High,173.8304047115889,3.0,5.214912141347667,900.0,0.665,0.95,30,42,47.0,137.0,1163.0,0.8,456.0,598.5,False
1668CA,Product 068,Lake Ltd,C,High,131.77253128023304,5.555555555555556,7.32069618223517,500.0,0.595,0.85,30,46,66.0,233.0,917.0,0.5,730.0,297.5,False
1484BA,Product 049,Major Corp,C,High,356.91587987025474,1.111904761904762,3.9685646642716423,467.0,0.14,0.2,15,23,25.0,42.0,1826.0,0.3,1217.0,65.38000000000001,False
